EMPLOYEEKEY,PARENTEMPLOYEEKEY,EMPLOYEENATIONALIDALTERNATEKEY,PARENTEMPLOYEENATIONALIDALTKEY,SALESTERRITORYKEY,FIRSTNAME,LASTNAME,MIDDLENAME,NAMESTYLE,TITLE,HIREDATE,BIRTHDATE,LOGINID,EMAILADDRESS,PHONE,MARITALSTATUS,EMERGENCYCONTACTNAME,EMERGENCYCONTACTPHONE,SALARIEDFLAG,GENDER,PAYFREQUENCY,BASERATE,VACATIONHOURS,SICKLEAVEHOURS,CURRENTFLAG,SALESPERSONFLAG,DEPARTMENTNAME,STARTDATE,ENDDATE,STATUS
123,40.0,563680513,630184120,11,Angela,Barbariol,W,0,Production Technician - WC50,19990221,19810701,adventure-works\angela0,angela0@adventure-works.com,150-555-0194,S,Angela Barbariol,150-555-0194,0,F,1,11,92,66,1,0,Production,19990221,,Current
124,87.0,584205124,521265716,11,Matthias,Berndt,T,0,Shipping and Receiving Clerk,19990221,19631213,adventure-works\matthias0,matthias0@adventure-works.com,139-555-0120,M,Matthias Berndt,139-555-0120,0,M,2,10,94,67,1,0,Shipping and Receiving,19990221,,Current
125,9.0,458159238,309738752,11,Bryan,Baker,,0,Production Technician - WC60,19990222,19630928,adventure-works\bryan0,bryan0@adventure-works.com,712-555-0113,S,Bryan Baker,712-555-0113,0,M,1,12,35,37,1,0,Production,19990222,,Current
126,23.0,712885347,277173473,11,Jeff,Hay,V,0,Production Supervisor - WC45,19990222,19670216,adventure-works\jeff0,jeff0@adventure-works.com,350-555-0167,M,Jeff Hay,350-555-0167,0,M,2,25,74,57,1,0,Production,19990222,,Current
127,188.0,87268837,60114406,11,Eugene,Zabokritski,R,0,Production Technician - WC30,19990222,19770815,adventure-works\eugene0,eugene0@adventure-works.com,241-555-0191,S,Eugene Zabokritski,241-555-0191,0,M,1,10,33,36,1,0,Production,19990222,,Current
128,186.0,969985265,862951447,11,Barbara,Decker,S,0,Production Technician - WC20,19990223,19690802,adventure-works\barbara0,barbara0@adventure-works.com,119-555-0192,M,Barbara Decker,119-555-0192,0,F,1,14,17,28,1,0,Production,19990223,,Current
129,126.0,539490372,712885347,11,Chris,Preston,T,0,Production Technician - WC45,19990223,19790117,adventure-works\chris0,chris0@adventure-works.com,200-555-0112,M,Chris Preston,200-555-0112,0,M,1,10,76,58,1,0,Production,19990223,,Current
130,92.0,242381745,345106466,11,Sean,Chai,N,0,Document Control Assistant,19990223,19770412,adventure-works\sean1,sean1@adventure-works.com,205-555-0132,S,Sean Chai,205-555-0132,0,M,2,10,78,59,1,0,Document Control,19990223,,Current
131,44.0,929666391,441044382,11,Dan,Wilson,B,0,Database Administrator,19990223,19660206,adventure-works\dan1,dan1@adventure-works.com,653-555-0144,M,Dan Wilson,653-555-0144,1,M,2,38,66,53,1,0,Information Services,19990223,,Current
132,18.0,948320468,446466105,11,Mark,McArthur,K,0,Production Technician - WC60,19990224,19691026,adventure-works\mark1,mark1@adventure-works.com,417-555-0154,S,Mark McArthur,417-555-0154,0,M,1,12,19,29,1,0,Production,19990224,,Current
133,142.0,931190412,30845,11,Bryan,Walton,A,0,Accounts Receivable Specialist,19990225,19741022,adventure-works\bryan1,bryan1@adventure-works.com,935-555-0199,S,Bryan Walton,935-555-0199,0,M,2,19,62,51,1,0,Finance,19990225,,Current
134,76.0,153288994,778552911,11,Houman,Pournasseh,N,0,Production Technician - WC50,19990226,19610930,adventure-works\houman0,houman0@adventure-works.com,180-555-0136,M,Houman Pournasseh,180-555-0136,0,M,1,11,3,21,1,0,Production,19990226,,Current
135,46.0,981495526,685233686,11,Sairaj,Uddin,L,0,Scheduling Assistant,19990227,19780122,adventure-works\sairaj0,sairaj0@adventure-works.com,500-555-0159,M,Sairaj Uddin,500-555-0159,0,M,2,16,46,43,1,0,Production Control,19990227,,Current
136,177.0,363996959,578935259,11,Michiko,Osada,F,0,Production Technician - WC30,19990227,19720728,adventure-works\michiko0,michiko0@adventure-works.com,984-555-0148,S,Michiko Osada,984-555-0148,0,M,1,10,44,42,1,0,Production,19990227,,Current
137,188.0,585408256,60114406,11,Benjamin,Martin,R,0,Production Technician - WC30,19990228,19760206,adventure-works\benjamin0,benjamin0@adventure-works.com,533-555-0111,S,Benjamin Martin,533-555-0111,0,M,1,10,28,34,1,0,Production,19990228,,Current
138,23.0,386315192,277173473,11,Cynthia,Randall,S,0,Production Supervisor - WC30,19990228,19710919,adventure-works\cynthia0,cynthia0@adventure-works.com,352-555-0138,S,Cynthia Randall,352-555-0138,0,F,2,25,69,54,1,0,Production,19990228,,Current
139,201.0,167554340,332349500,11,Kathie,Flood,E,0,Production Technician - WC45,19990228,19801202,adventure-works\kathie0,kathie0@adventure-works.com,446-555-0118,M,Kathie Flood,446-555-0118,0,F,1,10,87,63,1,0,Production,19990228,,Current
140,18.0,410742000,446466105,11,Britta,Simon,L,0,Production Technician - WC60,19990302,19791030,adventure-works\britta0,britta0@adventure-works.com,955-555-0169,M,Britta Simon,955-555-0169,0,F,1,12,14,27,1,0,Production,19990302,,Current
141,214.0,746201340,634335025,11,Brian,Lloyd,T,0,Production Technician - WC40,19990302,19670314,adventure-works\brian0,brian0@adventure-works.com,110-555-0182,S,Brian Lloyd,110-555-0182,0,M,1,15,55,47,1,0,Production,19990302,,Current
142,143.0,30845,184188301,11,David,Liu,J,0,Accounts Manager,19990303,19730808,adventure-works\david6,david6@adventure-works.com,646-555-0185,M,David Liu,646-555-0185,1,M,2,35,57,48,1,0,Finance,19990303,,Current
143,112.0,184188301,295847284,11,Laura,Norman,F,0,Chief Financial Officer,19990304,19660206,adventure-works\laura1,laura1@adventure-works.com,615-555-0110,M,Laura Norman,615-555-0110,1,F,2,60,0,20,1,0,Executive,19990304,20031215.0,
144,112.0,184188301,295847284,11,Laura,Norman,F,0,Chief Financial Officer,19990304,19660206,adventure-works\laura1,laura1@adventure-works.com,615-555-0110,M,Laura Norman,615-555-0110,1,F,2,60,0,20,1,0,Executive,20031215,,Current
145,40.0,398737566,630184120,11,Michael,Patten,W,0,Production Technician - WC50,19990304,19640603,adventure-works\michael2,michael2@adventure-works.com,441-555-0195,S,Michael Patten,441-555-0195,0,M,1,11,98,69,1,0,Production,19990304,,Current
146,138.0,764853868,386315192,11,Andy,Ruth,M,0,Production Technician - WC30,19990304,19731120,adventure-works\andy0,andy0@adventure-works.com,118-555-0110,M,Andy Ruth,118-555-0110,0,M,1,10,39,39,1,0,Production,19990304,,Current
147,23.0,319472946,277173473,11,Yuhong,Li,L,0,Production Supervisor - WC20,19990305,19670508,adventure-works\yuhong0,yuhong0@adventure-works.com,965-555-0155,M,Yuhong Li,965-555-0155,0,M,2,25,41,40,1,0,Production,19990305,,Current
148,163.0,456839592,551834634,11,Robert,Rounthwaite,J,0,Production Technician - WC45,19990306,19750401,adventure-works\robert0,robert0@adventure-works.com,589-555-0147,S,Robert Rounthwaite,589-555-0147,0,M,1,10,82,61,1,0,Production,19990306,,Current
149,43.0,131471224,885055826,11,Andreas,Berglund,T,0,Quality Assurance Technician,19990306,19790429,adventure-works\andreas0,andreas0@adventure-works.com,181-555-0124,M,Andreas Berglund,181-555-0124,0,M,2,11,84,62,1,0,Quality Assurance,19990306,,Current
150,188.0,259388196,60114406,11,Reed,Koch,T,0,Production Technician - WC30,19990306,19790209,adventure-works\reed0,reed0@adventure-works.com,678-555-0110,M,Reed Koch,678-555-0110,0,M,1,10,23,31,1,0,Production,19990306,,Current
151,147.0,812797414,319472946,11,Linda,Randall,A,0,Production Technician - WC20,19990307,19671106,adventure-works\linda1,linda1@adventure-works.com,696-555-0157,S,Linda Randall,696-555-0157,0,F,1,14,12,26,1,0,Production,19990307,,Current
152,112.0,519899904,295847284,11,James,Hamilton,R,0,Vice President of Production,19990307,19730207,adventure-works\james1,james1@adventure-works.com,870-555-0122,S,James Hamilton,870-555-0122,1,M,2,84,64,52,1,0,Production,19990307,,Current
1,18.0,14417807,446466105,11,Guy,Gilbert,R,0,Production Technician - WC60,19960731,19720515,adventure-works\guy1,guy1@adventure-works.com,320-555-0195,M,Guy Gilbert,320-555-0195,0,M,1,12,21,30,1,0,Production,19960731,,Current
2,7.0,253022876,24756624,11,Kevin,Brown,F,0,Marketing Assistant,19970226,19770603,adventure-works\kevin0,kevin0@adventure-works.com,150-555-0189,S,Kevin Brown,150-555-0189,0,M,2,13,42,41,1,0,Marketing,19970226,,Current
3,14.0,509647174,245797967,11,Roberto,Tamburello,,0,Engineering Manager,19971212,19641213,adventure-works\roberto0,roberto0@adventure-works.com,212-555-0187,M,Roberto Tamburello,212-555-0187,1,M,2,43,2,21,1,0,Engineering,19971212,,Current
4,3.0,112457891,509647174,11,Rob,Walters,,0,Senior Tool Designer,19980105,19650123,adventure-works\rob0,rob0@adventure-works.com,612-555-0100,S,Rob Walters,612-555-0100,0,M,2,30,48,80,1,0,Tool Design,19980105,20000630.0,
5,3.0,112457891,509647174,11,Rob,Walters,,0,Senior Tool Designer,19980105,19650123,adventure-works\rob0,rob0@adventure-works.com,612-555-0100,S,Rob Walters,612-555-0100,0,M,2,30,48,80,1,0,Tool Design,20000630,,Current
6,267.0,480168528,974026903,11,Thierry,D'Hers,B,0,Tool Designer,19980111,19490829,adventure-works\thierry0,thierry0@adventure-works.com,168-555-0183,M,Thierry D'Hers,168-555-0183,0,M,2,25,9,24,1,0,Tool Design,19980111,,Current
7,112.0,24756624,295847284,11,David,Bradley,M,0,Marketing Manager,19980120,19650419,adventure-works\david0,david0@adventure-works.com,913-555-0172,S,David Bradley,913-555-0172,1,M,2,38,40,40,1,0,Marketing,19980120,19990815.0,
8,112.0,24756624,295847284,11,David,Bradley,M,0,Marketing Manager,19980120,19650419,adventure-works\david0,david0@adventure-works.com,913-555-0172,S,David Bradley,913-555-0172,1,M,2,38,40,40,1,0,Marketing,19990816,,Current
9,23.0,309738752,277173473,11,JoLynn,Dobney,M,0,Production Supervisor - WC60,19980126,19460216,adventure-works\jolynn0,jolynn0@adventure-works.com,903-555-0145,S,JoLynn Dobney,903-555-0145,0,F,2,25,82,61,1,0,Production,19980126,,Current
10,189.0,690627818,33237992,11,Ruth,Ellerbrock,Ann,0,Production Technician - WC10,19980206,19460706,adventure-works\ruth0,ruth0@adventure-works.com,145-555-0130,M,Ruth Ellerbrock,145-555-0130,0,F,1,13,83,61,1,0,Production,19980206,,Current
11,3.0,695256908,509647174,11,Gail,Erickson,A,0,Design Engineer,19980206,19421029,adventure-works\gail0,gail0@adventure-works.com,849-555-0139,M,Gail Erickson,849-555-0139,1,F,2,33,5,22,1,0,Engineering,19980206,,Current
12,189.0,912265825,33237992,11,Barry,Johnson,K,0,Production Technician - WC10,19980207,19460427,adventure-works\barry0,barry0@adventure-works.com,206-555-0180,S,Barry Johnson,206-555-0180,0,M,1,13,88,64,1,0,Production,19980207,,Current
13,3.0,998320692,509647174,11,Jossef,Goldberg,H,0,Design Engineer,19980224,19490411,adventure-works\jossef0,jossef0@adventure-works.com,122-555-0189,M,Jossef Goldberg,122-555-0189,1,M,2,33,6,23,1,0,Engineering,19980224,,Current
14,112.0,245797967,295847284,11,Terri,Duffy,Lee,0,Vice President of Engineering,19980303,19610901,adventure-works\terri0,terri0@adventure-works.com,819-555-0175,S,Terri Duffy,819-555-0175,1,F,2,63,1,20,1,0,Engineering,19980303,,Current
15,189.0,844973625,33237992,11,Sidney,Higa,M,0,Production Technician - WC10,19980305,19461001,adventure-works\sidney0,sidney0@adventure-works.com,424-555-0189,M,Sidney Higa,424-555-0189,0,M,1,13,84,62,1,0,Production,19980305,,Current
16,23.0,233069302,277173473,11,Taylor,Maxwell,R,0,Production Supervisor - WC50,19980311,19460503,adventure-works\taylor0,taylor0@adventure-works.com,508-555-0165,M,Taylor Maxwell,508-555-0165,0,M,2,25,79,59,1,0,Production,19980311,,Current
17,189.0,132674823,33237992,11,Jeffrey,Ford,L,0,Production Technician - WC10,19980323,19460812,adventure-works\jeffrey0,jeffrey0@adventure-works.com,984-555-0185,S,Jeffrey Ford,984-555-0185,0,M,1,13,85,62,1,0,Production,19980323,,Current
18,23.0,446466105,277173473,11,Jo,Brown,A,0,Production Supervisor - WC60,19980330,19461109,adventure-works\jo0,jo0@adventure-works.com,632-555-0129,S,Jo Brown,632-555-0129,0,F,2,25,80,60,1,0,Production,19980330,,Current
19,189.0,565090917,33237992,11,Doris,Hartwig,M,0,Production Technician - WC10,19980411,19460506,adventure-works\doris0,doris0@adventure-works.com,328-555-0150,M,Doris Hartwig,328-555-0150,0,F,1,13,86,63,1,0,Production,19980411,,Current
20,23.0,494170342,277173473,11,John,Campbell,T,0,Production Supervisor - WC60,19980418,19460908,adventure-works\john0,john0@adventure-works.com,435-555-0113,M,John Campbell,435-555-0113,0,M,2,25,81,60,1,0,Production,19980418,,Current
21,189.0,9659517,33237992,11,Diane,Glimp,R,0,Production Technician - WC10,19980429,19460430,adventure-works\diane0,diane0@adventure-works.com,202-555-0151,M,Diane Glimp,202-555-0151,0,F,1,13,87,63,1,0,Production,19980429,,Current
22,177.0,443968955,578935259,11,Steven,Selikoff,T,0,Production Technician - WC30,19990102,19670615,adventure-works\steven0,steven0@adventure-works.com,925-555-0114,M,Steven Selikoff,925-555-0114,0,M,1,10,41,40,1,0,Production,19990102,,Current
23,112.0,277173473,295847284,11,Peter,Krebs,J,0,Production Control Manager,19990102,19721204,adventure-works\peter0,peter0@adventure-works.com,913-555-0196,M,Peter Krebs,913-555-0196,1,M,2,25,43,41,1,0,Production Control,19990102,,Current
24,201.0,835460180,332349500,11,Stuart,Munson,V,0,Production Technician - WC45,19990103,19521014,adventure-works\stuart0,stuart0@adventure-works.com,413-555-0136,S,Stuart Munson,413-555-0136,0,M,1,10,84,62,1,0,Production,19990103,,Current
25,201.0,687685941,332349500,11,Greg,Alderson,F,0,Production Technician - WC45,19990103,19601118,adventure-works\greg0,greg0@adventure-works.com,332-555-0150,S,Greg Alderson,332-555-0150,0,M,1,10,85,62,1,0,Production,19990103,,Current
26,188.0,498138869,60114406,11,David,Johnson,N,0,Production Technician - WC30,19990103,19691203,adventure-works\david1,david1@adventure-works.com,166-555-0162,S,David Johnson,166-555-0162,0,M,1,10,25,32,1,0,Production,19990103,,Current
27,23.0,360868122,277173473,11,Zheng,Mu,W,0,Production Supervisor - WC10,19990104,19731126,adventure-works\zheng0,zheng0@adventure-works.com,113-555-0173,S,Zheng Mu,113-555-0173,0,M,2,25,66,53,1,0,Production,19990104,,Current
28,111.0,964089218,45615666,11,Ivo,Salmre,William,0,Production Technician - WC20,19990105,19720204,adventure-works\ivo0,ivo0@adventure-works.com,115-555-0179,M,Ivo Salmre,115-555-0179,0,M,1,14,9,24,1,0,Production,19990105,,Current
29,89.0,384162788,750905084,11,Paul,Komosinski,B,0,Production Technician - WC40,19990105,19701215,adventure-works\paul0,paul0@adventure-works.com,147-555-0160,S,Paul Komosinski,147-555-0160,0,M,1,15,68,54,1,0,Production,19990105,,Current
30,154.0,749389530,858323870,11,Ashvini,Sharma,R,0,Network Administrator,19990105,19670428,adventure-works\ashvini0,ashvini0@adventure-works.com,656-555-0119,S,Ashvini Sharma,656-555-0119,0,M,2,32,70,55,1,0,Information Services,19990105,,Current
31,16.0,571658797,233069302,11,Kendall,Keil,C,0,Production Technician - WC50,19990106,19760630,adventure-works\kendall0,kendall0@adventure-works.com,138-555-0128,M,Kendall Keil,138-555-0128,0,M,1,11,11,25,1,0,Production,19990106,,Current
32,143.0,535145551,184188301,11,Paula,Barreto de Mattos,M,0,Human Resources Manager,19990107,19660314,adventure-works\paula0,paula0@adventure-works.com,523-555-0175,M,Paula Barreto de Mattos,523-555-0175,1,F,2,27,54,47,1,0,Human Resources,19990107,,Current
33,214.0,761597760,634335025,11,Alejandro,McGuel,E,0,Production Technician - WC40,19990107,19790106,adventure-works\alejandro0,alejandro0@adventure-works.com,668-555-0130,S,Alejandro McGuel,668-555-0130,0,M,1,15,52,46,1,0,Production,19990107,,Current
34,188.0,271438431,60114406,11,Garrett,Young,R,0,Production Technician - WC30,19990108,19740926,adventure-works\garrett0,garrett0@adventure-works.com,609-555-0179,S,Garrett Young,609-555-0179,0,M,1,10,34,37,1,0,Production,19990108,,Current
35,138.0,160739235,386315192,11,Jian Shuo,Wang,,0,Production Technician - WC30,19990108,19730827,adventure-works\jianshuo0,jianshuo0@adventure-works.com,952-555-0178,S,Jian Shuo Wang,952-555-0178,0,M,1,10,36,38,1,0,Production,19990108,,Current
36,87.0,586486572,521265716,11,Susan,Eaton,W,0,Stocker,19990108,19680320,adventure-works\susan0,susan0@adventure-works.com,943-555-0196,S,Susan Eaton,943-555-0196,0,F,1,9,97,68,1,0,Shipping and Receiving,19990108,,Current
37,87.0,337752649,521265716,11,Vamsi,Kuppa,N,0,Shipping and Receiving Clerk,19990108,19670419,adventure-works\vamsi0,vamsi0@adventure-works.com,937-555-0137,M,Vamsi Kuppa,937-555-0137,0,M,2,10,95,67,1,0,Shipping and Receiving,19990108,,Current
38,40.0,113695504,630184120,11,Alice,Ciccu,O,0,Production Technician - WC50,19990108,19680227,adventure-works\alice0,alice0@adventure-works.com,333-555-0173,M,Alice Ciccu,333-555-0173,0,F,1,11,95,67,1,0,Production,19990108,,Current
39,9.0,276751903,309738752,11,Simon,Rapier,D,0,Production Technician - WC60,19990109,19800617,adventure-works\simon0,simon0@adventure-works.com,963-555-0134,S,Simon Rapier,963-555-0134,0,M,1,12,38,39,1,0,Production,19990109,,Current
40,23.0,630184120,277173473,11,Jinghao,Liu,K,0,Production Supervisor - WC50,19990109,19790309,adventure-works\jinghao0,jinghao0@adventure-works.com,794-555-0159,S,Jinghao Liu,794-555-0159,0,M,2,25,77,58,1,0,Production,19990109,,Current
41,186.0,545337468,862951447,11,Michael,Hines,T,0,Production Technician - WC20,19990110,19741219,adventure-works\michael0,michael0@adventure-works.com,218-555-0126,S,Michael Hines,218-555-0126,0,M,1,14,20,30,1,0,Production,19990110,,Current
42,163.0,713403643,551834634,11,Yvonne,McKay,S,0,Production Technician - WC45,19990110,19790517,adventure-works\yvonne0,yvonne0@adventure-works.com,286-555-0189,M,Yvonne McKay,286-555-0189,0,F,1,10,79,59,1,0,Production,19990110,,Current
43,204.0,885055826,398223854,11,Peng,Wu,J,0,Quality Assurance Supervisor,19990110,19660419,adventure-works\peng0,peng0@adventure-works.com,164-555-0164,M,Peng Wu,164-555-0164,1,M,2,22,81,60,1,0,Quality Assurance,19990110,,Current
44,112.0,441044382,295847284,11,Jean,Trenary,E,0,Information Services Manager,19990112,19660113,adventure-works\jean0,jean0@adventure-works.com,685-555-0120,S,Jean Trenary,685-555-0120,1,F,2,50,65,52,1,0,Information Services,19990112,,Current
45,76.0,718299860,778552911,11,Russell,Hunter,,0,Production Technician - WC50,19990113,19621227,adventure-works\russell0,russell0@adventure-works.com,786-555-0144,M,Russell Hunter,786-555-0144,0,M,1,11,6,23,1,0,Production,19990113,,Current
46,23.0,685233686,277173473,11,A. Scott,Wright,,0,Master Scheduler,19990113,19581019,adventure-works\ascott0,ascott0@adventure-works.com,992-555-0194,S,A. Scott Wright,992-555-0194,0,M,2,24,44,42,1,0,Production Control,19990113,,Current
47,214.0,295971920,634335025,11,Fred,Northup,T,0,Production Technician - WC40,19990113,19790727,adventure-works\fred0,fred0@adventure-works.com,818-555-0192,S,Fred Northup,818-555-0192,0,M,1,15,47,43,1,0,Production,19990113,,Current
48,7.0,95958330,24756624,11,Sariya,Harnpadoungsataya,E,0,Marketing Specialist,19990113,19770621,adventure-works\sariya0,sariya0@adventure-works.com,399-555-0176,S,Sariya Harnpadoungsataya,399-555-0176,0,M,2,14,45,42,1,0,Marketing,19990113,,Current
49,32.0,332040978,535145551,11,Willis,Johnson,T,0,Recruiter,19990114,19680818,adventure-works\willis0,willis0@adventure-works.com,778-555-0141,S,Willis Johnson,778-555-0141,0,M,2,18,49,44,1,0,Human Resources,19990114,,Current
50,40.0,857651804,630184120,11,Jun,Cao,T,0,Production Technician - WC50,19990115,19690806,adventure-works\jun0,jun0@adventure-works.com,299-555-0113,S,Jun Cao,299-555-0113,0,M,1,11,90,65,1,0,Production,19990115,,Current
51,222.0,553069203,141165819,11,Christian,Kleinerman,E,0,Maintenance Supervisor,19990115,19660218,adventure-works\christian0,christian0@adventure-works.com,846-555-0157,M,Christian Kleinerman,846-555-0157,1,M,2,20,92,66,1,0,Facilities and Maintenance,19990115,,Current
52,188.0,351069889,60114406,11,Susan,Metters,A,0,Production Technician - WC30,19990115,19730503,adventure-works\susan1,susan1@adventure-works.com,639-555-0164,S,Susan Metters,639-555-0164,0,F,1,10,31,35,1,0,Production,19990115,,Current
53,23.0,370989364,277173473,11,Reuben,D'sa,H,0,Production Supervisor - WC40,19990116,19770927,adventure-works\reuben0,reuben0@adventure-works.com,191-555-0112,M,Reuben D'sa,191-555-0112,0,M,2,25,72,56,1,0,Production,19990116,,Current
54,126.0,275962311,712885347,11,Kirk,Koenigsbauer,J,0,Production Technician - WC45,19990116,19750310,adventure-works\kirk0,kirk0@adventure-works.com,669-555-0150,S,Kirk Koenigsbauer,669-555-0150,0,M,1,10,74,57,1,0,Production,19990116,,Current
55,20.0,36151748,494170342,11,David,Ortiz,J,0,Production Technician - WC60,19990116,19750130,adventure-works\david2,david2@adventure-works.com,712-555-0119,M,David Ortiz,712-555-0119,0,M,1,12,33,36,1,0,Production,19990116,,Current
56,92.0,540688287,345106466,11,Tengiz,Kharatishvili,N,0,Control Specialist,19990117,19800529,adventure-works\tengiz0,tengiz0@adventure-works.com,910-555-0116,S,Tengiz Kharatishvili,910-555-0116,0,M,2,17,76,58,1,0,Document Control,19990117,,Current
57,147.0,568596888,319472946,11,Hanying,Feng,P,0,Production Technician - WC20,19990117,19641116,adventure-works\hanying0,hanying0@adventure-works.com,319-555-0139,S,Hanying Feng,319-555-0139,0,M,1,14,15,27,1,0,Production,19990117,,Current
58,214.0,918737118,634335025,11,Kevin,Liu,H,0,Production Technician - WC40,19990118,19760126,adventure-works\kevin1,kevin1@adventure-works.com,714-555-0138,S,Kevin Liu,714-555-0138,0,M,1,15,58,49,1,0,Production,19990118,,Current
59,18.0,801758002,446466105,11,Annik,Stahl,O,0,Production Technician - WC60,19990118,19670127,adventure-works\annik0,annik0@adventure-works.com,499-555-0125,M,Annik Stahl,499-555-0125,0,M,1,12,17,28,1,0,Production,19990118,,Current
60,40.0,415823523,630184120,11,Suroor,Fatima,R,0,Production Technician - WC50,19990118,19680328,adventure-works\suroor0,suroor0@adventure-works.com,932-555-0161,S,Suroor Fatima,932-555-0161,0,M,1,11,93,66,1,0,Production,19990118,,Current
61,142.0,363923697,30845,11,Deborah,Poe,E,0,Accounts Receivable Specialist,19990119,19660407,adventure-works\deborah0,deborah0@adventure-works.com,602-555-0194,M,Deborah Poe,602-555-0194,0,F,2,19,60,50,1,0,Finance,19990119,,Current
62,76.0,674171828,778552911,11,Jim,Scardelis,H,0,Production Technician - WC50,19990120,19761009,adventure-works\jim0,jim0@adventure-works.com,679-555-0113,M,Jim Scardelis,679-555-0113,0,M,1,11,1,20,1,0,Production,19990120,,Current
63,177.0,138280935,578935259,11,Carole,Poland,M,0,Production Technician - WC30,19990120,19731119,adventure-works\carole0,carole0@adventure-works.com,688-555-0192,M,Carole Poland,688-555-0192,0,F,1,10,42,41,1,0,Production,19990120,,Current
64,188.0,476115505,60114406,11,George,Li,Z,0,Production Technician - WC30,19990122,19670518,adventure-works\george0,george0@adventure-works.com,518-555-0199,M,George Li,518-555-0199,0,M,1,10,26,33,1,0,Production,19990122,,Current
65,89.0,502058701,750905084,11,Gary,Yukish,W,0,Production Technician - WC40,19990123,19780617,adventure-works\gary0,gary0@adventure-works.com,901-555-0125,S,Gary Yukish,901-555-0125,0,M,1,15,69,54,1,0,Production,19990123,,Current
66,23.0,7201901,277173473,11,Cristian,Petculescu,K,0,Production Supervisor - WC10,19990123,19740513,adventure-works\cristian0,cristian0@adventure-works.com,434-555-0133,M,Cristian Petculescu,434-555-0133,0,M,2,25,67,53,1,0,Production,19990123,,Current
67,147.0,97728960,319472946,11,Raymond,Sam,K,0,Production Technician - WC20,19990124,19570402,adventure-works\raymond0,raymond0@adventure-works.com,226-555-0197,M,Raymond Sam,226-555-0197,0,M,1,14,10,25,1,0,Production,19990124,,Current
68,44.0,525932996,441044382,11,Janaina,Bueno,Barreiro Gambaro,0,Application Specialist,19990124,19750303,adventure-works\janaina0,janaina0@adventure-works.com,623-555-0155,M,Janaina Bueno,623-555-0155,1,F,2,27,71,55,1,0,Information Services,19990124,,Current
69,16.0,843479922,233069302,11,Bob,Hohman,N,0,Production Technician - WC50,19990125,19690916,adventure-works\bob0,bob0@adventure-works.com,611-555-0116,S,Bob Hohman,611-555-0116,0,M,1,11,12,26,1,0,Production,19990125,,Current
70,214.0,370487086,634335025,11,Shammi,Mohamed,G,0,Production Technician - WC40,19990125,19701105,adventure-works\shammi0,shammi0@adventure-works.com,793-555-0179,M,Shammi Mohamed,793-555-0179,0,M,1,15,53,46,1,0,Production,19990125,,Current
71,40.0,54759846,630184120,11,Linda,Moschell,K,0,Production Technician - WC50,19990126,19770817,adventure-works\linda0,linda0@adventure-works.com,612-555-0171,M,Linda Moschell,612-555-0171,0,F,1,11,96,68,1,0,Production,19990126,,Current
72,32.0,619308550,535145551,11,Mindy,Martin,C,0,Benefits Specialist,19990126,19741222,adventure-works\mindy0,mindy0@adventure-works.com,522-555-0147,M,Mindy Martin,522-555-0147,0,F,2,17,51,45,1,0,Human Resources,19990126,,Current
73,143.0,121491555,184188301,11,Wendy,Kahn,Beth,0,Finance Manager,19990126,19741112,adventure-works\wendy0,wendy0@adventure-works.com,248-555-0134,S,Wendy Kahn,248-555-0134,1,F,2,43,55,47,1,0,Finance,19990126,,Current
74,87.0,420776180,521265716,11,Kim,Ralls,T,0,Stocker,19990127,19740601,adventure-works\kim0,kim0@adventure-works.com,309-555-0129,S,Kim Ralls,309-555-0129,0,F,1,9,98,69,1,0,Shipping and Receiving,19990127,,Current
75,138.0,604664374,386315192,11,Sandra,Reátegui Alayo,,0,Production Technician - WC30,19990127,19651206,adventure-works\sandra0,sandra0@adventure-works.com,896-555-0168,M,Sandra Reátegui Alayo,896-555-0168,0,F,1,10,37,38,1,0,Production,19990127,,Current
76,23.0,778552911,277173473,11,Kok-Ho,Loh,T,0,Production Supervisor - WC50,19990128,19700530,adventure-works\kok-ho0,kok-ho0@adventure-works.com,999-555-0155,S,Kok-Ho Loh,999-555-0155,0,M,2,25,78,59,1,0,Production,19990128,,Current
77,163.0,435234965,551834634,11,Douglas,Hite,B,0,Production Technician - WC45,19990128,19751226,adventure-works\douglas0,douglas0@adventure-works.com,808-555-0172,M,Douglas Hite,808-555-0172,0,M,1,10,80,60,1,0,Production,19990128,,Current
78,9.0,339712426,309738752,11,James,Kramer,D,0,Production Technician - WC60,19990128,19740826,adventure-works\james0,james0@adventure-works.com,119-555-0117,M,James Kramer,119-555-0117,0,M,1,12,39,39,1,0,Production,19990128,,Current
79,43.0,403414852,885055826,11,Sean,Alexander,P,0,Quality Assurance Technician,19990129,19660407,adventure-works\sean0,sean0@adventure-works.com,420-555-0173,S,Sean Alexander,420-555-0173,0,M,2,11,82,61,1,0,Quality Assurance,19990129,,Current
80,186.0,368920189,862951447,11,Nitin,Mirchandani,S,0,Production Technician - WC20,19990129,19770101,adventure-works\nitin0,nitin0@adventure-works.com,143-555-0173,S,Nitin Mirchandani,143-555-0173,0,M,1,14,21,30,1,0,Production,19990129,,Current
81,162.0,811994146,134969118,11,Diane,Margheim,L,0,Research and Development Engineer,19990130,19760706,adventure-works\diane1,diane1@adventure-works.com,815-555-0138,S,Diane Margheim,815-555-0138,1,F,2,41,62,51,1,0,Research and Development,19990130,,Current
82,18.0,330211482,446466105,11,Rebecca,Laszlo,A,0,Production Technician - WC60,19990130,19670811,adventure-works\rebecca0,rebecca0@adventure-works.com,314-555-0113,M,Rebecca Laszlo,314-555-0113,0,F,1,12,23,31,1,0,Production,19990130,,Current
83,214.0,632092621,634335025,11,Rajesh,Patel,M,0,Production Technician - WC40,19990201,19671105,adventure-works\rajesh0,rajesh0@adventure-works.com,373-555-0137,M,Rajesh Patel,373-555-0137,0,M,1,15,48,44,1,0,Production,19990201,,Current
84,32.0,264306399,535145551,11,Vidur,Luthra,X,0,Recruiter,19990202,19740902,adventure-works\vidur0,vidur0@adventure-works.com,153-555-0186,S,Vidur Luthra,153-555-0186,0,M,2,18,50,45,1,0,Human Resources,19990202,,Current
85,40.0,981597097,630184120,11,John,Evans,P,0,Production Technician - WC50,19990202,19680701,adventure-works\john1,john1@adventure-works.com,172-555-0130,S,John Evans,172-555-0130,0,M,1,11,91,65,1,0,Production,19990202,,Current
86,9.0,693325305,309738752,11,Nancy,Anderson,A,0,Production Technician - WC60,19990203,19781221,adventure-works\nancy0,nancy0@adventure-works.com,970-555-0118,M,Nancy Anderson,970-555-0118,0,F,1,12,34,37,1,0,Production,19990203,,Current
87,23.0,521265716,277173473,11,Pilar,Ackerman,G,0,Shipping and Receiving Supervisor,19990203,19621011,adventure-works\pilar0,pilar0@adventure-works.com,577-555-0185,S,Pilar Ackerman,577-555-0185,1,M,2,19,93,66,1,0,Shipping and Receiving,19990203,,Current
88,188.0,746373306,60114406,11,David,Yalovsky,A,0,Production Technician - WC30,19990203,19710904,adventure-works\david3,david3@adventure-works.com,373-555-0142,S,David Yalovsky,373-555-0142,0,M,1,10,32,36,1,0,Production,19990203,,Current
89,23.0,750905084,277173473,11,David,Hamilton,P,0,Production Supervisor - WC40,19990204,19730802,adventure-works\david4,david4@adventure-works.com,986-555-0177,S,David Hamilton,986-555-0177,0,M,2,25,73,56,1,0,Production,19990204,,Current
90,126.0,514829225,712885347,11,Laura,Steele,C,0,Production Technician - WC45,19990204,19710126,adventure-works\laura0,laura0@adventure-works.com,777-555-0141,S,Laura Steele,777-555-0141,0,F,1,10,75,57,1,0,Production,19990204,,Current
91,18.0,750246141,446466105,11,Margie,Shoop,W,0,Production Technician - WC60,19990205,19760620,adventure-works\margie0,margie0@adventure-works.com,818-555-0128,M,Margie Shoop,818-555-0128,0,F,1,12,18,29,1,0,Production,19990205,,Current
92,204.0,345106466,398223854,11,Zainal,Arifin,T,0,Document Control Manager,19990205,19660302,adventure-works\zainal0,zainal0@adventure-works.com,204-555-0115,M,Zainal Arifin,204-555-0115,0,M,2,18,77,58,1,0,Document Control,19990205,,Current
93,214.0,19312190,634335025,11,Lorraine,Nay,O,0,Production Technician - WC40,19990205,19781228,adventure-works\lorraine0,lorraine0@adventure-works.com,845-555-0184,M,Lorraine Nay,845-555-0184,0,F,1,15,49,44,1,0,Production,19990205,,Current
94,147.0,212801092,319472946,11,Fadi,Fakhouri,K,0,Production Technician - WC20,19990205,19790319,adventure-works\fadi0,fadi0@adventure-works.com,935-555-0116,S,Fadi Fakhouri,935-555-0116,0,M,1,14,16,28,1,0,Production,19990205,,Current
95,53.0,769680433,370989364,11,Ryan,Cornelsen,L,0,Production Technician - WC40,19990206,19620715,adventure-works\ryan0,ryan0@adventure-works.com,208-555-0114,M,Ryan Cornelsen,208-555-0114,0,M,1,15,59,49,1,0,Production,19990206,,Current
96,142.0,60517918,30845,11,Candy,Spoon,L,0,Accounts Receivable Specialist,19990207,19660326,adventure-works\candy0,candy0@adventure-works.com,920-555-0177,S,Candy Spoon,920-555-0177,0,F,2,19,61,50,1,0,Finance,19990207,,Current
97,76.0,431859843,778552911,11,Nuan,Yu,,0,Production Technician - WC50,19990207,19690429,adventure-works\nuan0,nuan0@adventure-works.com,913-555-0184,S,Nuan Yu,913-555-0184,0,M,1,11,2,21,1,0,Production,19990207,,Current
98,46.0,621209647,685233686,11,William,Vong,S,0,Scheduling Assistant,19990208,19711208,adventure-works\william0,william0@adventure-works.com,148-555-0145,M,William Vong,148-555-0145,0,M,2,16,45,42,1,0,Production Control,19990208,20011001.0,
99,46.0,621209647,685233686,11,William,Vong,S,0,Scheduling Assistant,19990208,19711208,adventure-works\william0,william0@adventure-works.com,148-555-0145,M,William Vong,148-555-0145,0,M,2,16,45,42,1,0,Production Control,20011002,,Current
100,177.0,420023788,578935259,11,Bjorn,Rettig,M,0,Production Technician - WC30,19990208,19791208,adventure-works\bjorn0,bjorn0@adventure-works.com,199-555-0117,S,Bjorn Rettig,199-555-0117,0,M,1,10,43,41,1,0,Production,19990208,,Current
101,201.0,199546871,332349500,11,Scott,Gode,R,0,Production Technician - WC45,19990209,19770313,adventure-works\scott0,scott0@adventure-works.com,391-555-0138,M,Scott Gode,391-555-0138,0,M,1,10,86,63,1,0,Production,19990209,,Current
102,89.0,830150469,750905084,11,Michael,Rothkugel,L,0,Production Technician - WC40,19990211,19810204,adventure-works\michael1,michael1@adventure-works.com,454-555-0119,S,Michael Rothkugel,454-555-0119,0,M,1,15,70,55,1,0,Production,19990211,,Current
103,147.0,322160340,319472946,11,Lane,Sacksteder,M,0,Production Technician - WC20,19990212,19641024,adventure-works\lane0,lane0@adventure-works.com,200-555-0117,M,Lane Sacksteder,200-555-0117,0,M,1,14,11,25,1,0,Production,19990212,,Current
104,16.0,827686041,233069302,11,Pete,Male,C,0,Production Technician - WC50,19990212,19670307,adventure-works\pete0,pete0@adventure-works.com,768-555-0123,S,Pete Male,768-555-0123,0,M,1,11,13,26,1,0,Production,19990212,,Current
105,44.0,671089628,441044382,11,Dan,Bacon,K,0,Application Specialist,19990212,19710728,adventure-works\dan0,dan0@adventure-works.com,166-555-0159,M,Dan Bacon,166-555-0159,1,M,2,27,72,56,1,0,Information Services,19990212,,Current
106,143.0,231203233,184188301,11,David,Barber,M,0,Assistant to the Chief Financial Officer,19990213,19540723,adventure-works\david5,david5@adventure-works.com,477-555-0132,S,David Barber,477-555-0132,0,M,2,13,56,48,1,0,Finance,19990213,,Current
107,76.0,204035155,778552911,11,Lolan,Song,B,0,Production Technician - WC50,19990213,19630225,adventure-works\lolan0,lolan0@adventure-works.com,582-555-0178,M,Lolan Song,582-555-0178,0,M,1,11,7,23,1,0,Production,19990213,,Current
108,214.0,992874797,634335025,11,Paula,Nartker,R,0,Production Technician - WC40,19990213,19770313,adventure-works\paula1,paula1@adventure-works.com,476-555-0119,M,Paula Nartker,476-555-0119,0,F,1,15,54,47,1,0,Production,19990213,,Current
109,7.0,767955365,24756624,11,Mary,Gibson,E,0,Marketing Specialist,19990213,19521014,adventure-works\mary0,mary0@adventure-works.com,531-555-0183,M,Mary Gibson,531-555-0183,0,F,2,14,46,43,1,0,Marketing,19990213,,Current
110,40.0,342607223,630184120,11,Mindaugas,Krapauskas,J,0,Production Technician - WC50,19990214,19680607,adventure-works\mindaugas0,mindaugas0@adventure-works.com,637-555-0120,M,Mindaugas Krapauskas,637-555-0120,0,M,1,11,97,68,1,0,Production,19990214,,Current
111,23.0,45615666,277173473,11,Eric,Gubbels,,0,Production Supervisor - WC20,19990215,19750220,adventure-works\eric0,eric0@adventure-works.com,260-555-0119,M,Eric Gubbels,260-555-0119,0,M,2,25,40,40,1,0,Production,19990215,,Current
112,,295847284,,11,Ken,Sánchez,J,0,Chief Executive Officer,19990215,19590302,adventure-works\ken0,ken0@adventure-works.com,697-555-0142,S,Ken Sánchez,697-555-0142,1,M,2,126,99,69,1,0,Executive,19990215,,Current
113,138.0,733022683,386315192,11,Jason,Watters,M,0,Production Technician - WC30,19990215,19790108,adventure-works\jason0,jason0@adventure-works.com,571-555-0179,S,Jason Watters,571-555-0179,0,M,1,10,38,39,1,0,Production,19990215,,Current
114,43.0,381772114,885055826,11,Mark,Harrington,L,0,Quality Assurance Technician,19990216,19760531,adventure-works\mark0,mark0@adventure-works.com,147-555-0179,S,Mark Harrington,147-555-0179,0,M,2,11,83,61,1,0,Quality Assurance,19990216,,Current
115,163.0,187369436,551834634,11,Janeth,Esteves,M,0,Production Technician - WC45,19990216,19620825,adventure-works\janeth0,janeth0@adventure-works.com,540-555-0191,S,Janeth Esteves,540-555-0191,0,F,1,10,81,60,1,0,Production,19990216,,Current
116,188.0,364818297,60114406,11,Marc,Ingle,J,0,Production Technician - WC30,19990217,19761124,adventure-works\marc0,marc0@adventure-works.com,234-555-0169,M,Marc Ingle,234-555-0169,0,M,1,10,22,31,1,0,Production,19990217,,Current
117,162.0,658797903,134969118,11,Gigi,Matthew,N,0,Research and Development Engineer,19990217,19690221,adventure-works\gigi0,gigi0@adventure-works.com,185-555-0186,M,Gigi Matthew,185-555-0186,1,F,2,41,63,51,1,0,Research and Development,19990217,,Current
118,111.0,886023130,45615666,11,Paul,Singh,R,0,Production Technician - WC20,19990218,19801205,adventure-works\paul1,paul1@adventure-works.com,727-555-0112,M,Paul Singh,727-555-0112,0,M,1,14,6,23,1,0,Production,19990218,,Current
119,214.0,749211824,634335025,11,Frank,Lee,T,0,Production Technician - WC40,19990218,19771007,adventure-works\frank0,frank0@adventure-works.com,158-555-0191,M,Frank Lee,158-555-0191,0,M,1,15,56,48,1,0,Production,19990218,,Current
120,44.0,643805155,441044382,11,François,Ajenstat,P,0,Database Administrator,19990218,19650617,adventure-works\françois0,françois0@adventure-works.com,785-555-0110,S,François Ajenstat,785-555-0110,1,M,2,38,67,53,1,0,Information Services,19990218,,Current
121,16.0,92096924,233069302,11,Diane,Tibbott,H,0,Production Technician - WC50,19990219,19790910,adventure-works\diane2,diane2@adventure-works.com,361-555-0180,S,Diane Tibbott,361-555-0180,0,F,1,11,8,24,1,0,Production,19990219,,Current
122,7.0,72636981,24756624,11,Jill,Williams,A,0,Marketing Specialist,19990219,19690719,adventure-works\jill0,jill0@adventure-works.com,510-555-0121,M,Jill Williams,510-555-0121,0,F,2,14,47,43,1,0,Marketing,19990219,,Current
244,53.0,697712387,370989364,11,Eric,Brown,L,0,Production Technician - WC40,20000225,19330108,adventure-works\eric1,eric1@adventure-works.com,680-555-0118,M,Eric Brown,680-555-0118,0,M,1,15,60,50,1,0,Production,20000225,,Current
245,278.0,381073001,895209680,11,Eric,Kurjan,S,0,Buyer,20000228,19621019,adventure-works\eric2,eric2@adventure-works.com,265-555-0195,S,Eric Kurjan,265-555-0195,0,M,2,18,54,47,1,0,Purchasing,20000228,,Current
246,51.0,646304055,553069203,11,Pat,Coleman,H,0,Janitor,20000228,19610103,adventure-works\pat0,pat0@adventure-works.com,720-555-0158,S,Pat Coleman,720-555-0158,0,M,1,9,89,64,1,0,Facilities and Maintenance,20000228,,Current
247,20.0,414476027,494170342,11,Maciej,Dusza,W,0,Production Technician - WC60,20000301,19450302,adventure-works\maciej0,maciej0@adventure-works.com,237-555-0128,S,Maciej Dusza,237-555-0128,0,M,1,12,30,35,1,0,Production,20000301,,Current
248,278.0,785853949,895209680,11,Erin,Hagens,M,0,Buyer,20000303,19610204,adventure-works\erin0,erin0@adventure-works.com,842-555-0158,S,Erin Hagens,842-555-0158,0,F,2,18,53,46,1,0,Purchasing,20000303,,Current
249,66.0,90888098,7201901,11,Patrick,Wedge,C,0,Production Technician - WC10,20000304,19761011,adventure-works\patrick0,patrick0@adventure-works.com,413-555-0124,S,Patrick Wedge,413-555-0124,0,M,1,13,96,68,1,0,Production,20000304,,Current
250,53.0,947029962,370989364,11,Frank,Martinez,R,0,Production Technician - WC40,20000308,19420403,adventure-works\frank3,frank3@adventure-works.com,203-555-0196,M,Frank Martinez,203-555-0196,0,M,1,15,66,53,1,0,Production,20000308,,Current
251,18.0,461786517,446466105,11,Ed,Dudenhoefer,R,0,Production Technician - WC60,20000308,19611012,adventure-works\ed0,ed0@adventure-works.com,919-555-0140,S,Ed Dudenhoefer,919-555-0140,0,M,1,12,25,32,1,0,Production,20000308,,Current
252,27.0,393421437,360868122,11,Christopher,Hill,E,0,Production Technician - WC10,20000311,19761101,adventure-works\christopher0,christopher0@adventure-works.com,153-555-0166,M,Christopher Hill,153-555-0166,0,M,1,13,91,65,1,0,Production,20000311,,Current
253,53.0,988315686,370989364,11,Patrick,Cook,M,0,Production Technician - WC40,20000315,19640124,adventure-works\patrick1,patrick1@adventure-works.com,425-555-0117,M,Patrick Cook,425-555-0117,0,M,1,15,61,50,1,0,Production,20000315,,Current
254,111.0,56772045,45615666,11,Krishna,Sunkammurali,,0,Production Technician - WC20,20000316,19611006,adventure-works\krishna0,krishna0@adventure-works.com,491-555-0183,S,Krishna Sunkammurali,491-555-0183,0,M,1,14,2,21,1,0,Production,20000316,,Current
255,51.0,879334904,553069203,11,Lori,Penor,K,0,Janitor,20000319,19600831,adventure-works\lori1,lori1@adventure-works.com,295-555-0161,M,Lori Penor,295-555-0161,0,F,1,9,90,65,1,0,Facilities and Maintenance,20000319,,Current
256,66.0,82638150,7201901,11,Danielle,Tiedt,C,0,Production Technician - WC10,20000323,19761008,adventure-works\danielle0,danielle0@adventure-works.com,500-555-0172,S,Danielle Tiedt,500-555-0172,0,F,1,13,97,68,1,0,Production,20000323,,Current
257,43.0,343861179,885055826,11,Sootha,Charncherngkha,T,0,Quality Assurance Technician,20000326,19330105,adventure-works\sootha0,sootha0@adventure-works.com,325-555-0137,M,Sootha Charncherngkha,325-555-0137,0,M,2,11,85,62,1,0,Quality Assurance,20000326,,Current
258,20.0,582347317,494170342,11,Michael,Zwilling,J,0,Production Technician - WC60,20000326,19631007,adventure-works\michael7,michael7@adventure-works.com,582-555-0148,S,Michael Zwilling,582-555-0148,0,M,1,12,26,33,1,0,Production,20000326,,Current
259,20.0,8066363,494170342,11,Randy,Reeves,T,0,Production Technician - WC60,20000326,19600529,adventure-works\randy0,randy0@adventure-works.com,961-555-0122,M,Randy Reeves,961-555-0122,0,M,1,12,29,34,1,0,Production,20000326,,Current
260,27.0,561196580,360868122,11,John,Kane,T,0,Production Technician - WC10,20000330,19761029,adventure-works\john4,john4@adventure-works.com,254-555-0114,S,John Kane,254-555-0114,0,M,1,13,92,66,1,0,Production,20000330,,Current
261,53.0,58791499,370989364,11,Jack,Creasey,T,0,Production Technician - WC40,20000403,19630930,adventure-works\jack1,jack1@adventure-works.com,521-555-0113,S,Jack Creasey,521-555-0113,0,M,1,15,62,51,1,0,Production,20000403,,Current
262,111.0,163347032,45615666,11,Olinda,Turner,C,0,Production Technician - WC20,20000404,19600505,adventure-works\olinda0,olinda0@adventure-works.com,306-555-0186,S,Olinda Turner,306-555-0186,0,F,1,14,3,21,1,0,Production,20000404,,Current
263,51.0,28414965,553069203,11,Stuart,Macrae,J,0,Janitor,20000405,19620117,adventure-works\stuart1,stuart1@adventure-works.com,539-555-0149,M,Stuart Macrae,539-555-0149,0,M,1,9,88,64,1,0,Facilities and Maintenance,20000405,,Current
264,51.0,153479919,553069203,11,Jo,Berry,L,0,Janitor,20000407,19440525,adventure-works\jo1,jo1@adventure-works.com,228-555-0159,M,Jo Berry,228-555-0159,0,F,1,9,91,65,1,0,Facilities and Maintenance,20000407,,Current
265,278.0,20269531,895209680,11,Ben,Miller,T,0,Buyer,20000409,19630705,adventure-works\ben0,ben0@adventure-works.com,151-555-0113,M,Ben Miller,151-555-0113,0,M,2,18,55,47,1,0,Purchasing,20000409,,Current
266,66.0,826454897,7201901,11,Tom,Vande Velde,M,0,Production Technician - WC10,20000410,19761101,adventure-works\tom0,tom0@adventure-works.com,295-555-0161,M,Tom Vande Velde,295-555-0161,0,M,1,13,98,69,1,0,Production,20000410,,Current
267,3.0,974026903,509647174,11,Ovidiu,Cracium,V,0,Senior Tool Designer,20010105,19680218,adventure-works\ovidiu0,ovidiu0@adventure-works.com,719-555-0181,S,Ovidiu Cracium,719-555-0181,0,M,2,29,7,23,1,0,Tool Design,20010105,,Current
268,278.0,437296311,895209680,11,Annette,Hill,L,0,Purchasing Assistant,20010106,19680301,adventure-works\annette0,annette0@adventure-works.com,125-555-0196,M,Annette Hill,125-555-0196,0,F,2,13,50,45,1,0,Purchasing,20010106,,Current
269,267.0,486228782,974026903,11,Janice,Galvin,M,0,Tool Designer,20010123,19790629,adventure-works\janice0,janice0@adventure-works.com,473-555-0117,M,Janice Galvin,473-555-0117,0,F,2,25,8,24,1,0,Tool Design,20010123,,Current
270,278.0,280633567,895209680,11,Reinout,Hillmann,N,0,Purchasing Assistant,20010125,19680218,adventure-works\reinout0,reinout0@adventure-works.com,370-555-0163,M,Reinout Hillmann,370-555-0163,0,M,2,13,51,45,1,0,Purchasing,20010125,,Current
271,3.0,42487730,509647174,11,Michael,Sullivan,I,0,Senior Design Engineer,20010130,19690717,adventure-works\michael8,michael8@adventure-works.com,465-555-0156,S,Michael Sullivan,465-555-0156,1,M,2,36,3,21,1,0,Engineering,20010130,,Current
272,277.0,502097814,112432117,11,Stephen,Jiang,Y,0,North American Sales Manager,20010204,19411117,adventure-works\stephen0,stephen0@adventure-works.com,238-555-0197,M,Stephen Jiang,238-555-0197,1,M,2,48,14,27,1,1,Sales,20010204,,Current
273,7.0,323403273,24756624,11,Wanida,Benshoof,M,0,Marketing Assistant,20010207,19650417,adventure-works\wanida0,wanida0@adventure-works.com,708-555-0141,M,Wanida Benshoof,708-555-0141,0,F,2,13,41,40,1,0,Marketing,20010207,,Current
274,3.0,56920285,509647174,11,Sharon,Salavaria,B,0,Design Engineer,20010218,19510603,adventure-works\sharon0,sharon0@adventure-works.com,970-555-0138,M,Sharon Salavaria,970-555-0138,1,F,2,33,4,22,1,0,Engineering,20010218,,Current
275,7.0,222969461,24756624,11,John,Wood,L,0,Marketing Specialist,20010310,19680406,adventure-works\john5,john5@adventure-works.com,486-555-0150,S,John Wood,486-555-0150,0,M,2,14,48,44,1,0,Marketing,20010310,,Current
276,7.0,52541318,24756624,11,Mary,Dempsey,A,0,Marketing Assistant,20010317,19680301,adventure-works\mary2,mary2@adventure-works.com,124-555-0114,S,Mary Dempsey,124-555-0114,0,F,2,13,43,41,1,0,Marketing,20010317,,Current
277,112.0,112432117,295847284,11,Brian,Welcker,S,0,Vice President of Sales,20010318,19670708,adventure-works\brian3,brian3@adventure-works.com,716-555-0127,S,Brian Welcker,716-555-0127,1,M,2,72,10,25,1,0,Sales,20010318,,Current
278,73.0,895209680,121491555,11,Sheela,Word,H,0,Purchasing Manager,20010328,19680313,adventure-works\sheela0,sheela0@adventure-works.com,210-555-0193,S,Sheela Word,210-555-0193,1,F,2,30,49,44,1,0,Purchasing,20010328,20010830.0,
279,73.0,895209680,121491555,11,Sheela,Word,H,0,Purchasing Manager,20010328,19680313,adventure-works\sheela0,sheela0@adventure-works.com,210-555-0193,S,Sheela Word,210-555-0193,1,F,2,30,49,44,1,0,Purchasing,20010831,20020815.0,
280,73.0,895209680,121491555,11,Sheela,Word,H,0,Purchasing Manager,20010328,19680313,adventure-works\sheela0,sheela0@adventure-works.com,210-555-0193,S,Sheela Word,210-555-0193,1,F,2,30,49,44,1,0,Purchasing,20020816,,Current
281,272.0,841560125,502097814,2,Michael,Blythe,G,0,Sales Representative,20010701,19590126,adventure-works\michael9,michael9@adventure-works.com,257-555-0154,S,Michael Blythe,257-555-0154,1,M,2,23,38,39,1,1,Sales,20010701,,Current
282,272.0,191644724,502097814,4,Linda,Mitchell,C,0,Sales Representative,20010701,19700330,adventure-works\linda3,linda3@adventure-works.com,883-555-0116,M,Linda Mitchell,883-555-0116,1,F,2,23,27,33,1,1,Sales,20010701,,Current
283,272.0,615389812,502097814,3,Jillian,Carson,,0,Sales Representative,20010701,19520929,adventure-works\jillian0,jillian0@adventure-works.com,517-555-0117,S,Jillian Carson,517-555-0117,1,F,2,23,24,32,1,1,Sales,20010701,,Current
284,272.0,234474252,502097814,6,Garrett,Vargas,R,0,Sales Representative,20010701,19650307,adventure-works\garrett1,garrett1@adventure-works.com,922-555-0165,M,Garrett Vargas,922-555-0165,1,M,2,23,33,36,1,1,Sales,20010701,,Current
285,272.0,716374314,502097814,5,Tsvi,Reiter,Michael,0,Sales Representative,20010701,19640219,adventure-works\tsvi0,tsvi0@adventure-works.com,664-555-0112,M,Tsvi Reiter,664-555-0112,1,M,2,23,29,34,1,1,Sales,20010701,,Current
286,272.0,61161660,502097814,1,Pamela,Ansman-Wolfe,O,0,Sales Representative,20010701,19650106,adventure-works\pamela0,pamela0@adventure-works.com,340-555-0193,S,Pamela Ansman-Wolfe,340-555-0193,1,F,2,23,22,31,1,1,Sales,20010701,,Current
287,272.0,139397894,502097814,4,Shu,Ito,K,0,Sales Representative,20010701,19340410,adventure-works\shu0,shu0@adventure-works.com,330-555-0120,M,Shu Ito,330-555-0120,1,M,2,23,26,33,1,1,Sales,20010701,,Current
288,272.0,399771412,502097814,6,José,Saraiva,Edvaldo,0,Sales Representative,20010701,19300111,adventure-works\josé1,josé1@adventure-works.com,185-555-0169,M,José Saraiva,185-555-0169,1,M,2,23,31,35,1,1,Sales,20010701,,Current
289,272.0,987554265,502097814,1,David,Campbell,R,0,Sales Representative,20010701,19640314,adventure-works\david8,david8@adventure-works.com,740-555-0182,S,David Campbell,740-555-0182,1,M,2,23,23,31,1,1,Sales,20010701,,Current
290,277.0,982310417,112432117,11,Amy,Alberts,E,0,European Sales Manager,20020518,19471022,adventure-works\amy0,amy0@adventure-works.com,775-555-0164,M,Amy Alberts,775-555-0164,1,F,2,48,21,30,1,1,Sales,20020518,,Current
291,290.0,668991357,982310417,10,Jae,Pak,B,0,Sales Representative,20020701,19580418,adventure-works\jae0,jae0@adventure-works.com,1 (11) 500 555-0145,M,Jae Pak,1 (11) 500 555-0145,1,F,2,23,37,38,1,1,Sales,20020701,,Current
292,290.0,134219713,982310417,7,Ranjit,Varkey Chudukatil,R,0,Sales Representative,20020701,19651031,adventure-works\ranjit0,ranjit0@adventure-works.com,1 (11) 500 555-0117,S,Ranjit Varkey Chudukatil,1 (11) 500 555-0117,1,M,2,23,34,37,1,1,Sales,20020701,,Current
293,272.0,90836195,502097814,1,Tete,Mensa-Annan,A,0,Sales Representative,20021101,19680206,adventure-works\tete0,tete0@adventure-works.com,615-555-0153,M,Tete Mensa-Annan,615-555-0153,1,M,2,23,39,39,1,1,Sales,20021101,,Current
294,277.0,481044938,112432117,11,Syed,Abbas,E,0,Pacific Sales Manager,20030415,19650211,adventure-works\syed0,syed0@adventure-works.com,926-555-0182,M,Syed Abbas,926-555-0182,1,M,2,48,20,30,1,1,Sales,20030415,,Current
295,290.0,954276278,982310417,8,Rachel,Valdez,B,0,Sales Representative,20030701,19650809,adventure-works\rachel0,rachel0@adventure-works.com,1 (11) 500 555-0140,S,Rachel Valdez,1 (11) 500 555-0140,1,F,2,23,35,37,1,1,Sales,20030701,,Current
296,294.0,758596752,481044938,9,Lynn,Tsoflias,N,0,Sales Representative,20030701,19610418,adventure-works\lynn0,lynn0@adventure-works.com,1 (11) 500 555-0190,S,Lynn Tsoflias,1 (11) 500 555-0190,1,F,2,23,36,38,1,1,Sales,20030701,,Current
153,44.0,314747499,441044382,11,Ramesh,Meyyappan,V,0,Application Specialist,19990307,19780414,adventure-works\ramesh0,ramesh0@adventure-works.com,182-555-0134,S,Ramesh Meyyappan,182-555-0134,1,M,2,27,73,56,1,0,Information Services,19990307,,Current
154,44.0,858323870,441044382,11,Stephanie,Conroy,A,0,Network Manager,19990308,19740426,adventure-works\stephanie0,stephanie0@adventure-works.com,594-555-0110,S,Stephanie Conroy,594-555-0110,1,F,2,40,68,54,1,0,Information Services,19990308,,Current
155,111.0,25011600,45615666,11,Samantha,Smith,H,0,Production Technician - WC20,19990308,19771223,adventure-works\samantha0,samantha0@adventure-works.com,587-555-0114,M,Samantha Smith,587-555-0114,0,F,1,14,7,23,1,0,Production,19990308,,Current
156,214.0,436757988,634335025,11,Tawana,Nusbaum,G,0,Production Technician - WC40,19990309,19791212,adventure-works\tawana0,tawana0@adventure-works.com,368-555-0113,S,Tawana Nusbaum,368-555-0113,0,M,1,15,50,45,1,0,Production,19990309,,Current
157,16.0,652535724,233069302,11,Denise,Smith,H,0,Production Technician - WC50,19990309,19780807,adventure-works\denise0,denise0@adventure-works.com,869-555-0119,M,Denise Smith,869-555-0119,0,F,1,11,9,24,1,0,Production,19990309,,Current
158,32.0,416679555,535145551,11,Hao,Chen,O,0,Human Resources Administrative Assistant,19990310,19670519,adventure-works\hao0,hao0@adventure-works.com,806-555-0136,S,Hao Chen,806-555-0136,0,M,2,14,52,46,1,0,Human Resources,19990310,,Current
159,126.0,377784364,712885347,11,Alex,Nayberg,M,0,Production Technician - WC45,19990312,19800514,adventure-works\alex0,alex0@adventure-works.com,819-555-0198,M,Alex Nayberg,819-555-0198,0,M,1,10,77,58,1,0,Production,19990312,,Current
160,9.0,66073987,309738752,11,Eugene,Kogan,O,0,Production Technician - WC60,19990312,19660313,adventure-works\eugene1,eugene1@adventure-works.com,173-555-0179,S,Eugene Kogan,173-555-0179,0,M,1,12,36,38,1,0,Production,19990312,,Current
161,18.0,999440576,446466105,11,Brandon,Heidepriem,G,0,Production Technician - WC60,19990312,19670211,adventure-works\brandon0,brandon0@adventure-works.com,429-555-0137,M,Brandon Heidepriem,429-555-0137,0,M,1,12,22,31,1,0,Production,19990312,,Current
162,3.0,134969118,509647174,11,Dylan,Miller,A,0,Research and Development Manager,19990312,19770327,adventure-works\dylan0,dylan0@adventure-works.com,181-555-0156,M,Dylan Miller,181-555-0156,1,M,2,50,61,50,1,0,Research and Development,19990312,,Current
163,23.0,551834634,277173473,11,Shane,Kim,S,0,Production Supervisor - WC45,19990312,19800624,adventure-works\shane0,shane0@adventure-works.com,810-555-0178,S,Shane Kim,810-555-0178,0,M,2,25,75,57,1,0,Production,19990312,,Current
164,186.0,305522471,862951447,11,John,Chen,Y,0,Production Technician - WC20,19990313,19760506,adventure-works\john2,john2@adventure-works.com,201-555-0163,M,John Chen,201-555-0163,0,M,1,14,18,29,1,0,Production,19990313,,Current
165,92.0,260770918,345106466,11,Karen,Berge,R,0,Document Control Assistant,19990313,19660125,adventure-works\karen0,karen0@adventure-works.com,746-555-0164,M,Karen Berge,746-555-0164,0,F,2,10,79,59,1,0,Document Control,19990313,,Current
166,18.0,788456780,446466105,11,Jose,Lugo,R,0,Production Technician - WC60,19990314,19740901,adventure-works\jose0,jose0@adventure-works.com,587-555-0115,M,Jose Lugo,587-555-0115,0,M,1,12,20,30,1,0,Production,19990314,,Current
167,76.0,370581729,778552911,11,Mandar,Samant,H,0,Production Technician - WC50,19990314,19760421,adventure-works\mandar0,mandar0@adventure-works.com,140-555-0132,S,Mandar Samant,140-555-0132,0,M,1,11,0,20,1,0,Production,19990314,,Current
168,278.0,603686790,895209680,11,Mikael,Sandberg,Q,0,Buyer,19990314,19740918,adventure-works\mikael0,mikael0@adventure-works.com,309-555-0170,S,Mikael Sandberg,309-555-0170,0,M,2,18,59,49,1,0,Purchasing,19990314,,Current
169,76.0,152085091,778552911,11,Sameer,Tejani,A,0,Production Technician - WC50,19990315,19680727,adventure-works\sameer0,sameer0@adventure-works.com,990-555-0172,M,Sameer Tejani,990-555-0172,0,M,1,11,4,22,1,0,Production,19990315,,Current
170,142.0,663843431,30845,11,Dragan,Tomic,K,0,Accounts Payable Specialist,19990315,19670318,adventure-works\dragan0,dragan0@adventure-works.com,117-555-0185,M,Dragan Tomic,117-555-0185,0,M,2,19,63,51,1,0,Finance,19990315,,Current
171,177.0,227319668,578935259,11,Carol,Philips,M,0,Production Technician - WC30,19990316,19781118,adventure-works\carol0,carol0@adventure-works.com,609-555-0153,M,Carol Philips,609-555-0153,0,F,1,10,45,42,1,0,Production,19990316,,Current
172,89.0,578953538,750905084,11,Rob,Caron,T,0,Production Technician - WC40,19990317,19630905,adventure-works\rob1,rob1@adventure-works.com,238-555-0116,S,Rob Caron,238-555-0116,0,M,1,15,71,55,1,0,Production,19990317,,Current
173,40.0,222400012,630184120,11,Don,Hall,L,0,Production Technician - WC50,19990317,19610714,adventure-works\don0,don0@adventure-works.com,100-555-0174,M,Don Hall,100-555-0174,0,M,1,11,88,64,1,0,Production,19990317,,Current
174,46.0,470689086,685233686,11,Alan,Brewer,J,0,Scheduling Assistant,19990317,19740430,adventure-works\alan0,alan0@adventure-works.com,438-555-0172,M,Alan Brewer,438-555-0172,0,M,2,16,47,43,1,0,Production Control,19990317,,Current
175,188.0,860123571,60114406,11,David,Lawrence,Oliver,0,Production Technician - WC30,19990318,19751025,adventure-works\david7,david7@adventure-works.com,118-555-0177,M,David Lawrence,118-555-0177,0,M,1,10,29,34,1,0,Production,19990318,,Current
176,89.0,273260055,750905084,11,Baris,Cetinok,F,0,Production Technician - WC40,19990319,19801107,adventure-works\baris0,baris0@adventure-works.com,164-555-0114,S,Baris Cetinok,164-555-0114,0,M,1,15,72,56,1,0,Production,19990319,,Current
177,23.0,578935259,277173473,11,Michael,Ray,Sean,0,Production Supervisor - WC30,19990319,19790302,adventure-works\michael3,michael3@adventure-works.com,156-555-0199,S,Michael Ray,156-555-0199,0,M,2,25,70,55,1,0,Production,19990319,,Current
178,20.0,752513276,494170342,11,Steve,Masters,F,0,Production Technician - WC60,19990319,19810507,adventure-works\steve0,steve0@adventure-works.com,712-555-0170,S,Steve Masters,712-555-0170,0,M,1,12,31,35,1,0,Production,19990319,,Current
179,18.0,754372876,446466105,11,Suchitra,Mohan,O,0,Production Technician - WC60,19990320,19770711,adventure-works\suchitra0,suchitra0@adventure-works.com,753-555-0129,M,Suchitra Mohan,753-555-0129,0,F,1,12,15,27,1,0,Production,19990320,,Current
180,44.0,58317344,441044382,11,Karen,Berg,A,0,Application Specialist,19990320,19680619,adventure-works\karen1,karen1@adventure-works.com,654-555-0177,S,Karen Berg,654-555-0177,1,F,2,27,74,57,1,0,Information Services,19990320,,Current
181,147.0,404159499,319472946,11,Terrence,Earls,W,0,Production Technician - WC20,19990320,19750109,adventure-works\terrence0,terrence0@adventure-works.com,110-555-0115,S,Terrence Earls,110-555-0115,0,M,1,14,13,26,1,0,Production,19990320,,Current
182,142.0,363910111,30845,11,Barbara,Moreland,C,0,Accountant,19990322,19660204,adventure-works\barbara1,barbara1@adventure-works.com,822-555-0145,M,Barbara Moreland,822-555-0145,1,F,2,26,58,49,1,0,Finance,19990322,,Current
183,40.0,599942664,630184120,11,Chad,Niswonger,W,0,Production Technician - WC50,19990322,19800904,adventure-works\chad0,chad0@adventure-works.com,559-555-0175,M,Chad Niswonger,559-555-0175,0,M,1,11,99,69,1,0,Production,19990322,,Current
184,138.0,993310268,386315192,11,Rostislav,Shabalin,E,0,Production Technician - WC30,19990323,19671015,adventure-works\rostislav0,rostislav0@adventure-works.com,751-555-0134,M,Rostislav Shabalin,751-555-0134,0,M,1,10,40,40,1,0,Production,19990323,,Current
185,201.0,20244403,332349500,11,Belinda,Newman,M,0,Production Technician - WC45,19990324,19591019,adventure-works\belinda0,belinda0@adventure-works.com,319-555-0126,S,Belinda Newman,319-555-0126,0,F,1,10,83,61,1,0,Production,19990324,,Current
186,23.0,862951447,277173473,11,Katie,McAskill-White,L,0,Production Supervisor - WC20,19990324,19741220,adventure-works\katie0,katie0@adventure-works.com,809-555-0133,S,Katie McAskill-White,809-555-0133,0,F,2,25,42,41,1,0,Production,19990324,,Current
187,188.0,551346974,60114406,11,Russell,King,M,0,Production Technician - WC30,19990325,19720314,adventure-works\russell1,russell1@adventure-works.com,517-555-0122,M,Russell King,517-555-0122,0,M,1,10,24,32,1,0,Production,19990325,,Current
188,23.0,60114406,277173473,11,Jack,Richins,S,0,Production Supervisor - WC30,19990325,19730723,adventure-works\jack0,jack0@adventure-works.com,552-555-0111,S,Jack Richins,552-555-0111,0,M,2,25,68,54,1,0,Production,19990325,,Current
189,23.0,33237992,277173473,11,Andrew,Hill,R,0,Production Supervisor - WC10,19990326,19781008,adventure-works\andrew0,andrew0@adventure-works.com,908-555-0159,S,Andrew Hill,908-555-0159,0,M,2,25,65,52,1,0,Production,19990326,,Current
190,89.0,1300049,750905084,11,Nicole,Holliday,B,0,Production Technician - WC40,19990326,19760510,adventure-works\nicole0,nicole0@adventure-works.com,508-555-0129,M,Nicole Holliday,508-555-0129,0,F,1,15,67,53,1,0,Production,19990326,,Current
191,16.0,10708100,233069302,11,Frank,Miller,T,0,Production Technician - WC50,19990327,19610824,adventure-works\frank1,frank1@adventure-works.com,167-555-0139,S,Frank Miller,167-555-0139,0,M,1,11,10,25,1,0,Production,19990327,,Current
192,154.0,672243793,858323870,11,Peter,Connelly,I,0,Network Administrator,19990327,19700629,adventure-works\peter1,peter1@adventure-works.com,310-555-0133,S,Peter Connelly,310-555-0133,0,M,2,32,69,54,1,0,Information Services,19990327,,Current
193,111.0,63761469,45615666,11,Anibal,Sousa,T,0,Production Technician - WC20,19990327,19641006,adventure-works\anibal0,anibal0@adventure-works.com,106-555-0120,S,Anibal Sousa,106-555-0120,0,F,1,14,8,24,1,0,Production,19990327,,Current
194,214.0,693168613,634335025,11,Ken,Myer,L,0,Production Technician - WC40,19990328,19710629,adventure-works\ken1,ken1@adventure-works.com,949-555-0174,M,Ken Myer,949-555-0174,0,M,1,15,51,45,1,0,Production,19990328,,Current
195,32.0,476980013,535145551,11,Grant,Culbertson,N,0,Human Resources Administrative Assistant,19990329,19660518,adventure-works\grant0,grant0@adventure-works.com,955-555-0131,S,Grant Culbertson,955-555-0131,0,M,2,14,53,46,1,0,Human Resources,19990329,,Current
196,40.0,334834274,630184120,11,Michael,Entin,T,0,Production Technician - WC50,19990329,19790717,adventure-works\michael4,michael4@adventure-works.com,817-555-0186,S,Michael Entin,817-555-0186,0,M,1,11,94,67,1,0,Production,19990329,,Current
197,163.0,399658727,551834634,11,Lionel,Penuchot,C,0,Production Technician - WC45,19990330,19780415,adventure-works\lionel0,lionel0@adventure-works.com,450-555-0152,S,Lionel Penuchot,450-555-0152,0,M,1,10,78,59,1,0,Production,19990330,,Current
198,9.0,500412746,309738752,11,Thomas,Michaels,R,0,Production Technician - WC60,19990330,19760211,adventure-works\thomas0,thomas0@adventure-works.com,278-555-0118,M,Thomas Michaels,278-555-0118,0,M,1,12,37,38,1,0,Production,19990330,,Current
199,87.0,652779496,521265716,11,Jimmy,Bischoff,T,0,Stocker,19990330,19750605,adventure-works\jimmy0,jimmy0@adventure-works.com,927-555-0168,M,Jimmy Bischoff,927-555-0168,0,M,1,9,96,68,1,0,Shipping and Receiving,19990330,,Current
200,138.0,878395493,386315192,11,Michael,Vanderhyde,T,0,Production Technician - WC30,19990330,19721019,adventure-works\michael5,michael5@adventure-works.com,296-555-0121,M,Michael Vanderhyde,296-555-0121,0,M,1,10,35,37,1,0,Production,19990330,,Current
201,23.0,332349500,277173473,11,Lori,Kane,A,0,Production Supervisor - WC45,19990330,19700819,adventure-works\lori0,lori0@adventure-works.com,289-555-0196,S,Lori Kane,289-555-0196,0,F,2,25,76,58,1,0,Production,19990330,,Current
202,278.0,792847334,895209680,11,Arvind,Rao,B,0,Buyer,19990401,19640921,adventure-works\arvind0,arvind0@adventure-works.com,848-555-0163,M,Arvind Rao,848-555-0163,0,M,2,18,60,50,1,0,Purchasing,19990401,,Current
203,186.0,621932914,862951447,11,Stefen,Hesse,A,0,Production Technician - WC20,19990401,19660121,adventure-works\stefen0,stefen0@adventure-works.com,165-555-0113,S,Stefen Hesse,165-555-0113,0,M,1,14,19,29,1,0,Production,19990401,,Current
204,23.0,398223854,277173473,11,Hazem,Abolrous,E,0,Quality Assurance Manager,19990401,19671127,adventure-works\hazem0,hazem0@adventure-works.com,869-555-0125,S,Hazem Abolrous,869-555-0125,1,M,2,29,80,60,1,0,Quality Assurance,19990401,,Current
205,142.0,519756660,30845,11,Janet,Sheperdigian,L,0,Accounts Payable Specialist,19990402,19690409,adventure-works\janet0,janet0@adventure-works.com,393-555-0186,M,Janet Sheperdigian,393-555-0186,0,F,2,19,64,52,1,0,Finance,19990402,,Current
206,76.0,912141525,778552911,11,Elizabeth,Keyser,I,0,Production Technician - WC50,19990403,19800226,adventure-works\elizabeth0,elizabeth0@adventure-works.com,318-555-0137,M,Elizabeth Keyser,318-555-0137,0,F,1,11,5,22,1,0,Production,19990403,,Current
207,7.0,243322160,24756624,11,Terry,Eminhizer,J,0,Marketing Specialist,19990403,19760307,adventure-works\terry0,terry0@adventure-works.com,138-555-0118,M,Terry Eminhizer,138-555-0118,0,M,2,14,44,42,1,0,Marketing,19990403,,Current
208,188.0,568626529,60114406,11,John,Frum,N,0,Production Technician - WC30,19990404,19720424,adventure-works\john3,john3@adventure-works.com,663-555-0172,S,John Frum,663-555-0172,0,M,1,10,27,33,1,0,Production,19990404,,Current
209,177.0,301435199,578935259,11,Merav,Netz,A,0,Production Technician - WC30,19990404,19730613,adventure-works\merav0,merav0@adventure-works.com,224-555-0187,M,Merav Netz,224-555-0187,0,F,1,10,46,43,1,0,Production,19990404,,Current
210,46.0,368691270,685233686,11,Brian,LaMee,P,0,Scheduling Assistant,19990404,19740912,adventure-works\brian1,brian1@adventure-works.com,313-555-0196,M,Brian LaMee,313-555-0196,0,M,2,16,48,44,1,0,Production Control,19990404,,Current
211,40.0,211789056,630184120,11,Kitti,Lertpiriyasuwat,H,0,Production Technician - WC50,19990405,19770707,adventure-works\kitti0,kitti0@adventure-works.com,785-555-0132,S,Kitti Lertpiriyasuwat,785-555-0132,0,F,1,11,89,64,1,0,Production,19990405,,Current
212,20.0,63179277,494170342,11,Jay,Adams,G,0,Production Technician - WC60,19990406,19660314,adventure-works\jay0,jay0@adventure-works.com,407-555-0165,S,Jay Adams,407-555-0165,0,M,1,12,32,36,1,0,Production,19990406,,Current
213,188.0,587567941,60114406,11,Jan,Miksovsky,S,0,Production Technician - WC30,19990406,19641216,adventure-works\jan0,jan0@adventure-works.com,139-555-0131,S,Jan Miksovsky,139-555-0131,0,M,1,10,30,35,1,0,Production,19990406,,Current
214,23.0,634335025,277173473,11,Brenda,Diaz,M,0,Production Supervisor - WC40,19990406,19730331,adventure-works\brenda0,brenda0@adventure-works.com,142-555-0139,M,Brenda Diaz,142-555-0139,0,F,2,25,71,55,1,0,Production,19990406,,Current
215,126.0,65848458,712885347,11,Andrew,Cencini,M,0,Production Technician - WC45,19990407,19781026,adventure-works\andrew1,andrew1@adventure-works.com,207-555-0192,S,Andrew Cencini,207-555-0192,0,M,1,10,73,56,1,0,Production,19990407,,Current
216,92.0,260805477,345106466,11,Chris,Norred,K,0,Control Specialist,19990407,19770626,adventure-works\chris1,chris1@adventure-works.com,575-555-0126,M,Chris Norred,575-555-0126,0,M,2,17,75,57,1,0,Document Control,19990407,,Current
217,18.0,442121106,446466105,11,Chris,Okelberry,O,0,Production Technician - WC60,19990408,19760907,adventure-works\chris2,chris2@adventure-works.com,315-555-0144,S,Chris Okelberry,315-555-0144,0,M,1,12,16,28,1,0,Production,19990408,,Current
218,147.0,300946911,319472946,11,Shelley,Dyck,N,0,Production Technician - WC20,19990408,19770108,adventure-works\shelley0,shelley0@adventure-works.com,991-555-0184,S,Shelley Dyck,991-555-0184,0,F,1,14,14,27,1,0,Production,19990408,,Current
219,214.0,440379437,634335025,11,Gabe,Mares,B,0,Production Technician - WC40,19990409,19780611,adventure-works\gabe0,gabe0@adventure-works.com,310-555-0117,M,Gabe Mares,310-555-0117,0,M,1,15,57,48,1,0,Production,19990409,,Current
220,142.0,480951955,30845,11,Mike,Seamans,K,0,Accountant,19990409,19690801,adventure-works\mike0,mike0@adventure-works.com,927-555-0150,S,Mike Seamans,927-555-0150,1,M,2,26,59,49,1,0,Finance,19990409,,Current
221,162.0,879342154,134969118,11,Michael,Raheem,,0,Research and Development Manager,19990604,19750101,adventure-works\michael6,michael6@adventure-works.com,330-555-2568,M,Michael Raheem,330-555-2568,1,M,2,42,16,64,1,0,Research and Development,19990604,,Current
222,152.0,141165819,519899904,11,Gary,Altman,E.,0,Facilities Manager,20000103,19610321,adventure-works\gary1,gary1@adventure-works.com,110-555-0112,M,Gary Altman,110-555-0112,1,M,2,24,86,63,1,0,Facilities and Maintenance,20000103,,Current
223,20.0,537092325,494170342,11,Charles,Fitzgerald,B,0,Production Technician - WC60,20000104,19611003,adventure-works\charles0,charles0@adventure-works.com,931-555-0118,S,Charles Fitzgerald,931-555-0118,0,M,1,12,27,33,1,0,Production,20000104,,Current
224,27.0,455563743,360868122,11,Ebru,Ersan,N,0,Production Technician - WC10,20000107,19761023,adventure-works\ebru0,ebru0@adventure-works.com,202-555-0187,S,Ebru Ersan,202-555-0187,0,M,1,13,93,66,1,0,Production,20000107,,Current
225,111.0,701156975,45615666,11,Sylvester,Valdez,A,0,Production Technician - WC20,20000112,19601213,adventure-works\sylvester0,sylvester0@adventure-works.com,492-555-0174,M,Sylvester Valdez,492-555-0174,0,M,1,14,4,22,1,0,Production,20000112,,Current
226,53.0,1662732,370989364,11,Brian,Goldstein,Richard,0,Production Technician - WC40,20000112,19610123,adventure-works\brian2,brian2@adventure-works.com,730-555-0117,S,Brian Goldstein,730-555-0117,0,M,1,15,63,51,1,0,Production,20000112,,Current
227,278.0,407505660,895209680,11,Linda,Meisner,P,0,Buyer,20000118,19601231,adventure-works\linda2,linda2@adventure-works.com,916-555-0165,M,Linda Meisner,916-555-0165,0,F,2,18,56,48,1,0,Purchasing,20000118,,Current
228,66.0,294148271,7201901,11,Betsy,Stadick,A,0,Production Technician - WC10,20000119,19330117,adventure-works\betsy0,betsy0@adventure-works.com,405-555-0171,S,Betsy Stadick,405-555-0171,0,F,1,13,99,69,1,0,Production,20000119,,Current
229,222.0,552560652,141165819,11,Magnus,Hedlund,E,0,Facilities Administrative Assistant,20000122,19610927,adventure-works\magnus0,magnus0@adventure-works.com,583-555-0182,M,Magnus Hedlund,583-555-0182,0,M,2,10,87,63,1,0,Facilities and Maintenance,20000122,,Current
230,20.0,834186596,494170342,11,Karan,Khanna,R,0,Production Technician - WC60,20000123,19600407,adventure-works\karan0,karan0@adventure-works.com,447-555-0186,S,Karan Khanna,447-555-0186,0,M,1,12,28,34,1,0,Production,20000123,,Current
231,27.0,717889520,360868122,11,Mary,Baker,R,0,Production Technician - WC10,20000126,19761020,adventure-works\mary1,mary1@adventure-works.com,283-555-0185,M,Mary Baker,283-555-0185,0,F,1,13,94,67,1,0,Production,20000126,,Current
232,27.0,801365500,360868122,11,Kevin,Homer,M,0,Production Technician - WC10,20000126,19761020,adventure-works\kevin2,kevin2@adventure-works.com,555-555-0113,S,Kevin Homer,555-555-0113,0,M,1,13,90,65,1,0,Production,20000126,,Current
233,53.0,413787783,370989364,11,Mihail,Frintu,U,0,Production Technician - WC40,20000130,19610409,adventure-works\mihail0,mihail0@adventure-works.com,733-555-0128,S,Mihail Frintu,733-555-0128,0,M,1,15,64,52,1,0,Production,20000130,,Current
234,189.0,109272464,33237992,11,Bonnie,Kearney,N,0,Production Technician - WC10,20000202,19761011,adventure-works\bonnie0,bonnie0@adventure-works.com,264-555-0150,M,Bonnie Kearney,264-555-0150,0,F,1,13,89,64,1,0,Production,20000202,,Current
235,278.0,482810518,895209680,11,Fukiko,Ogisu,J,0,Buyer,20000205,19601225,adventure-works\fukiko0,fukiko0@adventure-works.com,520-555-0177,M,Fukiko Ogisu,520-555-0177,0,M,2,18,57,48,1,0,Purchasing,20000205,,Current
236,111.0,113393530,45615666,11,Hung-Fu,Ting,T,0,Production Technician - WC20,20000207,19611123,adventure-works\hung-fu0,hung-fu0@adventure-works.com,497-555-0181,S,Hung-Fu Ting,497-555-0181,0,M,1,14,0,20,1,0,Production,20000207,,Current
237,278.0,466142721,895209680,11,Gordon,Hee,L,0,Buyer,20000212,19321230,adventure-works\gordon0,gordon0@adventure-works.com,230-555-0144,M,Gordon Hee,230-555-0144,0,M,2,18,52,46,1,0,Purchasing,20000212,,Current
238,66.0,390124815,7201901,11,Kimberly,Zimmerman,B,0,Production Technician - WC10,20000213,19761014,adventure-works\kimberly0,kimberly0@adventure-works.com,123-555-0167,S,Kimberly Zimmerman,123-555-0167,0,F,1,13,95,67,1,0,Production,20000213,,Current
239,18.0,6298838,446466105,11,Kim,Abercrombie,B,0,Production Technician - WC60,20000217,19330114,adventure-works\kim1,kim1@adventure-works.com,208-555-0114,M,Kim Abercrombie,208-555-0114,0,F,1,12,24,32,1,0,Production,20000217,,Current
240,53.0,943170460,370989364,11,Sandeep,Kaliyath,P,0,Production Technician - WC40,20000218,19610103,adventure-works\sandeep0,sandeep0@adventure-works.com,166-555-0156,S,Sandeep Kaliyath,166-555-0156,0,M,1,15,65,52,1,0,Production,20000218,,Current
241,111.0,339233463,45615666,11,Prasanna,Samarawickrama,E,0,Production Technician - WC20,20000223,19430601,adventure-works\prasanna0,prasanna0@adventure-works.com,129-555-0199,M,Prasanna Samarawickrama,129-555-0199,0,M,1,14,5,22,1,0,Production,20000223,,Current
242,278.0,367453993,895209680,11,Frank,Pellow,S,0,Buyer,20000224,19420613,adventure-works\frank2,frank2@adventure-works.com,163-555-0147,M,Frank Pellow,163-555-0147,0,M,2,18,58,49,1,0,Purchasing,20000224,,Current
243,111.0,872923042,45615666,11,Min,Su,G,0,Production Technician - WC20,20000225,19641011,adventure-works\min0,min0@adventure-works.com,590-555-0152,M,Min Su,590-555-0152,0,M,1,14,1,20,1,0,Production,20000225,,Current
